entry_id,population,association,variant(s),location(s),gene(s),pubmed
1,Dutch,nonsignificant,HLA-B40,6p21.3,HLA-B,1859103
2,Dutch,nonsignificant,,6p21.3,HLA-DRB5,1859103
3,Finnish,nonsignificant,,2p24.1,APOB,8018664
4,Finnish,significant,,11q23.3,APOC3,8018664
5,Finnish,significant,E2/E3/E4,19q13.31,APOE,8018664
6,French,significant,I/D,17q23.3,ACE,8136829
7,French,significant,E2/E3/E4,19q13.31,APOE,8136829
8,Finnish,significant,,2p24.1,APOB,8155090
9,Finnish,significant,E2/E3/E4,19q13.31,APOE,8155090
10,Swedish,significant,E2/E3/E4,19q13.31,APOE,8403397
11,Italian,nonsignificant,E2/E3/E4,19q13.31,APOE,8541369
12,Italian,significant,,2p24.1,APOB,9050915
13,English (Cambridge),significant,I/D,17q23.3,ACE,9105559
14,English (Cambridge),significant,,19q13.31,APOC1,9105559
15,English (Cambridge),nonsignificant,E2/E3/E4,19q13.31,APOE,9105559
16,English (Cambridge),nonsignificant,677C/T,1p36.22,MTHFR,9105559
17,Italian,nonsignificant,R353Q,13q34,F7,9108791
18,Italian,nonsignificant,-455G/A,4q28,FGB,9108791
19,Italian,significant,1-bp guanine deletion/insertion (4G/5G),7q22.1,SERPINE1,9108791
20,Danish,nonsignificant,I/D,17q23.3,ACE,9170397
21,Spanish,nonsignificant,,22q13.1,CYP2D6,9177672
22,Spanish,nonsignificant,,10q26.3,CYP2E1,9177672
23,Spanish,nonsignificant,,8p22,NAT2,9177672
31,French,significant,,6p21.3,HLA-DRB1,9425225
32,French,nonsignificant,,11q23.3,APOA4,9533408
33,Italian,significant,Hinf347,11q23.3,APOA4,9622284
36,French,nonsignificant,,1p13.3,GSTM1,9654200
41,French,significant,I/D,17q23.3,ACE,9761238
42,English (Caucasian) and Nigerian,significant,638G/A,16p11.2,SULT1A1,9854023
43,Italian,nonsignificant,,1q42.12,PARP1,9887369
44,Italian,nonsignificant,,1q32.1,REN,9887369
45,Italian,nonsignificant,401C/T,6q25.3,SOD2,9887369
46,Italian,significant,,11p15.5,TH,9887369
47,"Finnish, American, Mexican and Japanese",nonsignificant,C1367R,8p12,WRN,10069711
48,Italian,nonsignificant,,6p21.3,CFB,10219002
49,Italian,nonsignificant,,19p13.3,C3,10219002
50,Italian,nonsignificant,,6p21.3,C4A,10219002
51,Danish,nonsignificant,I/D,17q23.3,ACE,10494771
52,Danish,nonsignificant,M/T235,1q42.2,AGT,10494771
53,Danish,nonsignificant,20210G/A,11p11.2,F2,10494771
54,Danish,nonsignificant,R353Q,13q34,F7,10494771
55,Danish,nonsignificant,-455G/A,4q28,FGB,10494771
56,Danish,nonsignificant,33L/P,17q21.32,ITGB3,10494771
57,Danish,nonsignificant,114A/V,1p36.22,MTHFR,10494771
58,Danish,nonsignificant,,8p11.21,PLAT,10494771
59,Danish,nonsignificant,1-bp guanine deletion/insertion (4G/5G),7q22.1,SERPINE1,10494771
60,Dutch,nonsignificant,I/D,17q23.3,ACE,10520809
61,Dutch,nonsignificant,1-bp guanine deletion/insertion (4G/5G),7q22.1,SERPINE1,10520809
62,Swiss,nonsignificant,C677T,1p36.22,MTHFR,10583447
67,Italian (Northern),nonsignificant,,15q24.1,CYP1A1,11162685
68,Italian (Northern),nonsignificant,,1p13.3,GSTM1,11162685
69,Italian (Northern),significant,,22q11.23,GSTT1,11162685
72,Russian,significant,T-455C,11q23.3,APOC3,11193221
73,Finnish,significant,E2/E3/E4,19q13.31,APOE,11213279
74,French,nonsignificant,I/D,17q23.3,ACE,11280044
75,French,significant,E2/E3/E4,19q13.31,APOE,11280044
76,German ,nonsignificant,1-bp guanine deletion/insertion (4G/5G),7q22.1,SERPINE1,11485022
77,Italian,significant,-174C/G,7p15.3,IL6,11500818
78,American (Caucasian),nonsignificant,G1691A,1q24.2,F5,11568114
79,American (Caucasian),nonsignificant,C807T,5q11.2,ITGA2,11568114
80,American (Caucasian),significant,T1565C,17q21.32,ITGB3,11568114
81,American (Caucasian),nonsignificant,C677T,1p36.22,MTHFR,11568114
82,American (Caucasian),nonsignificant,20210G/A,11p11.2,F2,11568114
83,American (Caucasian),nonsignificant,I/D,17q23.3,ACE,11568114
84,Danish,nonsignificant,I/D,17q23.3,ACE,11602206
85,Danish,significant,M/T235,1q42.2,AGT,11602206
86,Danish,nonsignificant,20210G/A,11p11.2,F2,11602206
87,Danish,nonsignificant,,13q34,F7,11602206
90,Danish,nonsignificant,-455G/A,4q28,FGB,11602206
91,Chinese (Uighur in Xinjiang),significant,E2/E3/E4,19q13.31,APOE,11640949
92,Finnish,nonsignificant,,1q32.2,IL10,11640949
93,Finnish,nonsignificant,-889C/T,2q13,IL1A,11640949
94,Finnish,nonsignificant,,2q13,IL1B,11640949
95,Finnish,nonsignificant,,2q13,IL1RN,11640949
96,Finnish,nonsignificant,,7p15.3,IL6,11640949
97,Finnish,nonsignificant,-308G/A,6p21.33,TNF,11640949
98,Italian,nonsignificant,,11p15.5,IGF2,11672987
99,Italian,nonsignificant,FokI RFLP,11p15.5,INS,11672987
100,"Chinese (Uighur, Kazakh and Han in Xinjiang)",significant,I/D,17q23.3,ACE,11773214
103,American (Caucasians) and Italian,nonsignificant,,17q21.31,BRCA1,11795532
104,Italian,significant,874T/A,12q15,IFNG,11857058
105,Italian,significant,-1082G/A,1q32.2,IL10,11857058
106,Italian (Sicily),significant,C282Y,6p22.2,HFE,11857058
107,Italian (Northern),nonsignificant,,10q23.31,FAS,11965496
108,Italian (Northern),nonsignificant,,1q25.1,FASLG,11965496
109,Italian,significant,Q192R,7q21.3,PON1,12082503
110,Polish,nonsignificant,I/D,17q23.3,ACE,12152254
111,Brazilian,nonsignificant,E2/E3/E4,19q13.31,APOE,12185856
112,Italian,significant,,11p15.5,TH,12297342
113,Chinese,nonsignificant,5178A,MT,ND2,12384792
114,Danish,significant,I/D,17q23.3,ACE,12547486
115,Italian (Southern),nonsignificant,APOC3-SstI-RFLP,11q23.3,APOC3,12556235
116,Italian (Southern),significant,APOA1-MspI-RFLP,11q23.3,APOA1,12556235
117,Italian (Southern),nonsignificant,APOA4-HincII-RFLP,11q23.3,APOA4,12556235
118,Japanese,significant,(GT)n repeat,22q12.3,HMOX1,12566526
119,Japanese,nonsignificant,R219K,9q31.1,ABCA1,12601526
120,Japanese,nonsignificant,,16q13,CETP,12601526
121,Japanese,nonsignificant,C-514T,15q21.3,LIPC,12601526
122,Japanese,nonsignificant,,8p21.3,LPL,12601526
123,Korean,nonsignificant,I/D,17q23.3,ACE,12634288
124,Korean,nonsignificant,E2/E3/E4,19q13.31,APOE,12634288
125,American (Caucasian),significant,,17p11.2,AKAP10,12646697
126,Italian,significant,-1082G/A,1q32.2,IL10,12676903
127,Italian,nonsignificant,-308G/A,6p21.33,TNF,12676903
131,Italian (Northern and Central),nonsignificant,-511C/T,2q13,IL1B,12714264
132,Italian (Northern and Central),nonsignificant,,2q13,IL1RN,12714264
133,Italian (Nothern and Central),nonsignificant,-889C/T,2q13,IL1A,12714264
134,Irish (Northern),nonsignificant,-174C/G,7p15.3,IL6,12714267
135,Irish,significant,T2437C,6p21.3,HSPA1L,12714268
136,Irish,nonsignificant,,12q15,IFNG,12714268
137,Irish,nonsignificant,-1082G/A,1q32.2,IL10,12714268
138,Irish,nonsignificant,,3q25.33,IL12A,12714268
139,Irish,nonsignificant,-330T/G,4q27,IL2,12714268
140,Irish,nonsignificant,-174C/G,7p15.3,IL6,12714268
141,Irish,nonsignificant,,4q13.3,IL8,12714268
142,Irish (Belfast),nonsignificant,,6p21.3,HLA-A,12714268
143,Irish (Belfast),nonsignificant,,6p21.33,HLA-B,12714268
144,Irish (Belfast),nonsignificant,,6p21.3,HLA-DRB3,12714268
145,Irish (Belfast),nonsignificant,252A/G,6p21.33,LTA,12714268
146,Irish (Belfast),nonsignificant,-308G/A,6p21.33,TNF,12714268
147,Italian,nonsignificant,97347T/C,13q14.11,FOXO1,12843179
150,Italian,nonsignificant,,2q36.3,IRS1,12843179
151,Italian,nonsignificant,,3q22.3,PIK3CB,12843179
152,French,significant,Q192R,7q21.3,PON1,12889841
153,"Italian, French and Danish",nonsignificant,I/D,17q23.3,ACE,12954489
154,American,nonsignificant,I550V,17p13.2,SLC13A2,14499494
155,Italian (Southern),significant,-110A/C,6p21.3,HSPA1A,14501185
156,Brazilian of European and Japanese origin,significant,I/D,17q23.3,ACE,14528043
157,Japanese,nonsignificant,,1q22,SHC1,14530863
158,Ashkenazi Jewish ,significant,I405V,16q13,CETP,14559957
159,Italian (Southern),significant,G477T,11p15.5,SIRT3,14580859
160,Russian (Novosibirsk),significant,I/D,17q23.3,ACE,14743603
161,Russian (Novosibirsk),significant,E2/E3/E4,19q13.31,APOE,14743603
162,Dutch,nonsignificant,Met(410)Val,1q22,SHC1,15036421
163,Italian and N. Irish,significant,Q192R,7q21.3,PON1,15050299
164,Bulgarian,nonsignificant,,6p21.3,HLA-A,15050300
165,Bulgarian,nonsignificant,,6p21.33,HLA-B,15050300
166,Bulgarian,nonsignificant,,6p21.33,HLA-C,15050300
171,Bulgarian,nonsignificant,874T/A,12q15,IFNG,15050300
175,Bulgarian,nonsignificant,-174C/G,7p15.3,IL6,15050300
176,Bulgarian,nonsignificant,,19q13.2,TGFB1,15050300
177,Bulgarian,nonsignificant,-308G/A,6p21.33,TNF,15050300
178,Irish,nonsignificant,,19q13.4,KIR3DL1,15130674
179,Danish,nonsignificant,,17p13.2,GP1BA,15177664
180,Danish,nonsignificant,114A/V,1p36.22,MTHFR,15177664
181,Danish,nonsignificant,1-bp guanine deletion/insertion (4G/5G),7q22.1,SERPINE1,15177664
184,German ,significant,V432L,2p22.2,CYP1B1,15177664
185,German ,nonsignificant,,1p13.3,GSTM1,15177664
186,German ,nonsignificant,I105V,11q13.2,GSTP1,15177664
187,German ,nonsignificant,,22q11.23,GSTT1,15177664
188,Danish,significant,-110A/C,6p21.3,HSPA1A,15190186
189,Danish,nonsignificant,2437T/C,6p21.3,HSPA1L,15190186
192,Italian (Sicily),significant,-107T/C,7q21.3,PON1,15236768
193,Italian,significant,,3p25.2,PPARG,15236769
194,Italian (Southern),nonsignificant,-174C/G,7p15.3,IL6,15236771
195,Danish,nonsignificant,-262C/T,11p13,CAT,15241482
196,Danish,significant,-174C/G,7p15.3,IL6,15241482
197,Danish,significant,Q192R,7q21.3,PON1,15241482
198,Danish,nonsignificant,-308G/A,6p21.33,TNF,15271127
199,Dutch,significant,ER22/23EK,5q31.3,NR3C1,15276593
200,Irish,nonsignificant,,19q13.4,KIR3DL1,15288696
201,Italian (Sardinia),nonsignificant,874T/A,12q15,IFNG,15462469
202,Italian (Sardinia),nonsignificant,-1082G/A,1q32.2,IL10,15462469
203,Italian (Sardinia),nonsignificant,-174C/G,7p15.3,IL6,15462469
204,Italian,significant,Asp299Gly,9q33.1,TLR4,15547160
209,Chinese (Uighur in Xinjiang),significant,I/D,17q23.3,ACE,15569453
210,Japanese,nonsignificant,,13q14.11,FOXO1,15582274
211,Japanese,significant,,19p13.2,INSR,15582274
212,Japanese,nonsignificant,,2q36.3,IRS1,15582274
213,Japanese,nonsignificant,,3q22.3,PIK3CB,15582274
214,Japanese,nonsignificant,,7q22.3,PIK3CG,15582274
215,Japanese,nonsignificant,,4p15.2,PPARGC1A,15582274
216,Ashkenazi Jewish (Jerusalem),nonsignificant,E2/E3/E4,19q13.31,APOE,15621215
217,Ashkenazi Jewish (Jerusalem),nonsignificant,Arg/Gln R353Q,13q34,F7,15621215
218,Ashkenazi Jewish (Jerusalem),significant,A/G ApaI site,11p15.5,IGF2,15621215
219,Ashkenazi Jewish (Jerusalem),nonsignificant,C677T,1p36.22,MTHFR,15621215
220,Ashkenazi Jewish (Jerusalem),nonsignificant,C9T,6q25.3,SOD2,15621215
221,Finnish,significant,-174C/G,7p15.3,IL6,15664628
222,Italian (Southern),significant,VNTR,11p15.5,SIRT3,15676284
223,Dutch,significant,,17q23.3,GH1,15771611
224,Dutch,nonsignificant,,7p14.3,GHRHR,15771611
225,Dutch,nonsignificant,,12q23.2,IGF1,15771611
226,Dutch,nonsignificant,,11p15.5,INS,15771611
227,Dutch,nonsignificant,,2q36.3,IRS1,15771611
228,Dutch,nonsignificant,16C/T,6q25.3,SOD2,15771611
229,Dutch,nonsignificant,,11q13.4,UCP2,15771611
230,Italian,nonsignificant,I405V,16q13,CETP,15888337
234,American (Caucasian),significant,-438A/G,13q14.13,CPB2,15939070
235,American (Caucasian),nonsignificant,-455G/A,4q28,FGB,15939070
236,American (Caucasian),nonsignificant,-174C/G,7p15.3,IL6,15939070
237,American (Caucasian),nonsignificant,1-bp guanine deletion/insertion (4G/5G),7q22.1,SERPINE1,15939070
240,Chinese (Uighur in Xinjiang),significant,E2/E3/E4,19q13.31,APOE,16086293
241,Japanese,significant,,17q11.2,SLC6A4,16095668
242,German ,significant,D919G,1q43,MTR,16142417
243,German ,nonsignificant,,10q21.3,SIRT1,16257164
244,Mexican,nonsignificant,,6p21.33,HLA-B,16269080
245,Mexican,nonsignificant,,6p21.3,HLA-DQA1,16269080
246,Mexican,nonsignificant,HLA-DRB1*11,6p21.3,HLA-DRB1,16269080
247,Mexican,significant,-308G/A,6p21.33,TNF,16269080
248,Italian (Sicily),significant,M694V,16p13.3,MEFV,16387839
252,Japanese,significant,-819C/T,1q32.2,IL10,16424284
253,Japanese,nonsignificant,-607A/C,11q23.1,IL18,16424284
254,Japanese,nonsignificant,-511C/T,2q13,IL1B,16424284
255,Japanese,nonsignificant,-634C/G,7p15.3,IL6,16424284
256,Japanese,nonsignificant,-1607 1G/2G,11q22.2,MMP1,16424284
257,Japanese,nonsignificant,-1171 5A/6A,11q22.2,MMP3,16424284
258,Japanese,nonsignificant,869T/C,19q13.2,TGFB1,16424284
259,Japanese,nonsignificant,-1031T/C,6p21.33,TNF,16424284
263,Italian (Central and Southern),nonsignificant,-330T/G,4q27,IL2,16518704
266,English,nonsignificant,T241M,14q32.33,XRCC3,16518718
267,English,nonsignificant,I134T,5q14.2,XRCC4,16518718
268,English,nonsignificant,,2q35,XRCC5,16518718
269,Danish,nonsignificant,,1p13.3,GSTM1,16574194
270,Danish,significant,,22q11.23,GSTT1,16574194
271,Ashkenazi Jewish ,significant,rs2542052,11q23.3,APOC3,16602826
272,Italian (Sicily),nonsignificant,1249-1250InsACAA/Non-Ins,1q41,TGFB2,16608413
273,Italian (Sardinia),nonsignificant,,6p21.3,HLA-DQA1,16608414
274,Italian (Sardinia),nonsignificant,,6p21.3,HLA-DQB1,16608414
280,Italian,significant,,1p35.3,YTHDF2,16799135
281,Danish,significant,-110A/C,6p21.3,HSPA1A,16804002
282,Danish,significant,1267A/G,6p21.3,HSPA1B,16804002
283,German ,nonsignificant,FCGR2A-His131Ar,1q23.3,FCGR2A,16893392
284,Italian,significant,647A/C,16q13,MT1A,16955215
285,Italian (Southern),significant,I/D,17q23.3,ACE,16960022
286,Italian (Southern),significant,E2/E3/E4,19q13.31,APOE,16960022
287,German ,nonsignificant,,18q22.3,CNDP1,16965804
288,Columbian,significant,I/D,17q23.3,ACE,16971231
289,Columbian,nonsignificant,,19q13.31,APOE,16971231
292,Italian (Sicily),significant,,7q22.1,SERPINE1,17048073
293,Italian,nonsignificant,I/D,17q23.3,ACE,17182125
294,Greek,significant,E2/E3/E4,19q13.31,APOE,17234815
295,Italian,significant,rs5744256,11q23.1,IL18,17301041
296,German ,nonsignificant,Asp299Gly,9q33.1,TLR4,17493663
297,Ashkenazi Jewish ,nonsignificant,,12q23.2,IGF1,18316725
326,Italian,significant,KL-VS,13q13.1,KL,19421891
330,Polish,significant,Lys751Gln,19q13.3,ERCC2,19707883
336,Ashkenazi Jewish ,nonsignificant,,1p13,TSHB,19837933
342,"Mediterranean (Italian, Greek and Tunisian)",significant,,1q31-q32,CHIT1,19881466
343,Italian,significant,Gly1057Asp-IRS2,13q34,IRS2,19887537
344,Ashkenazi Jewish ,significant,,3q26,TERC,19915151
345,Ashkenazi Jewish ,significant,,5p15.33,TERT,19915151
366,Italian,significant,ADA*2,20q13.11,ADA,20174870
367,Chinese (Han),nonsignificant,,12q23.2,IGF1,20199671
368,Jordanian,significant,rs1501299,3q27 ,ADIPOQ-AS1,20201642
369,Jordanian,significant,rs7799039,7q31.3,LEP,20201642
370,Caucasians,nonsignificant,rs9664222,10q23,MINPP1,20304771
666,Italian (Palermo),significant,DRB1*18,6p21.3,HLA-DRB1,20426625
667,Jordanian,significant,-1082G/A,1q31-q32,IL10,20518833
668,Jordanian,nonsignificant,-308G/A,6p21.33,TNF,20518833
669,American (Georgia and Louisiana populations from African and European origin),significant,,19q13.2,APOE,20569235
675,Italian (Salerno),significant,rs4646,15q21,CYP19A1,20819792
676,Italian (Salerno),significant,,6q25.1,ESR1,20819792
767,American (Caucasian),significant,rs7896005,10q21.3,SIRT1,21972126
768,American (Caucasian),nonsignificant,rs132793,22q13.2,XRCC6,21972126
769,Greek,significant,rs1799752,17q23.3,ACE,23389097
773,American (Caucasian),significant,rs3803304,14q32.32,AKT1,19489743
844,German ,nonsignificant,TH01,11p15.5,TH,21407269
845,American (Caucasian),significant,,3p24-22,,20824210
846,American (Caucasian),nonsignificant,,9q31-34,,20824210
847,American (Caucasian),nonsignificant,,12q24,,20824210
848,American (Caucasian),nonsignificant,,4q22-25,,20824210
849,Danish,significant,rs1002149,8p21.1,GSR,22406557
850,Danish,significant,rs1207362,13q12,KL,22406557
851,Danish,significant,rs2267723,7p14,GHRHR,22406557
852,Danish,significant,rs3842755,11p15.5,INS,22406557
853,Danish,significant,rs572169,3q26.31,GHSR,22406557
854,Danish,significant,rs9456497,6q26,IGF2R,22406557
855,Danish,significant,rs11571461,12p13-p12.2,RAD52,22406557
856,Danish,significant,rs13251813,8p12,WRN,22406557
857,Danish,significant,rs1805329,9q31.2,RAD23B,22406557
858,Danish,significant,rs2953983,8p11.2,POLB,22406557
859,Danish,significant,rs3211994,16p13.3,SLC9A3R2,22406557
860,Danish,significant,rs10047589,12q23-q24.1,TXNRD1,22406557
861,Danish,significant,rs207444,2p23.1,XDH,22406557
862,Danish,significant,rs26802,3p26-p25,GHRL,22406557
863,Danish,significant,rs13320360,3p21.3,MLH1,22406557
864,Danish,significant,rs2509049,11q23.3,H2AFX,22406557
865,Danish,significant,rs705649,2q35,XRCC5,22406557
917,Dutch,significant,rs2498804,14q32.32,AKT1,21418511
1061,European,significant,,14q11.2,,23286790
1062,European,significant,,17q12-q22,,23286790
1063,European,significant,,19p13.3-p13.11,,23286790
1064,European,significant,,19q13.11-q13.32,,23286790
1065,European,significant,rs4420638,19q13.2,APOC1,23286790
1089,Polish,significant,-11391G > A,3q27,ADIPOQ,23339001
1371,American (Caucasian),significant,rs2075650,19q13,TOMM40,22279548
1392,American (Caucasian),significant,D4S1564,,,11526246
1393,Italian (Central),significant,rs73598374,20q13.12,ADA,21865054
1397,Italian (Central),significant,rs1042522,17p13.1,TP53,23125046
1398,Italian (Central),significant,MNS16A,5p15.33,TERT,23562826
1399,Italian (Central),nonsignificant,,1p13.2,PTPN22,21113673
1416,Chinese,significant,,17q23.3,ACE,22456784
1417,Chinese,nonsignificant,,MT,,19641616
1424,"Danish, German",significant,rs3803304,14q32.32,AKT1,22929028
1504,"Danish, German, Dutch",nonsignificant,rs2069827,7p21,IL6,22234866
1509,"Danish, German, Dutch",significant,rs107251,19p13.3,SIRT6,22234866
1515,American (Caucasian),significant,DRD4 7R,11p15.5,DRD4,23283341
1516,American (Caucasian),significant,rs2024714,20q13.3,CDH4,22533364
1517,American (Caucasian),significant,rs9616906,,,22533364
1518,American (Caucasian),significant,rs1327533,9q32,SVEP1,22533364
1519,American (Caucasian),significant,rs9876781,3p21.31,ATRIP,22533364
1520,American (Caucasian),significant,rs2370413,12p13.3,CACNA1C,22533364
1521,American (Caucasian),significant,rs739401,11p15.5,CARS,22533364
1522,American (Caucasian),significant,rs12623542,,,22533364
1523,American (Caucasian),significant,rs9517320,13q31.2-q32.3,STK24,22533364
1524,American (Caucasian),significant,rs10256972,7p22.3,C7orf50,22533364
1525,American (Caucasian),significant,rs139170,22q13.31,PARVG,22533364
1526,American (Caucasian),significant,rs2826891,21q21.1,NCAM2,22533364
1527,American (Caucasian),significant,rs10937739,4p16.1,PPP2R2C,22533364
1528,American (Caucasian),significant,rs41383,16q13,NLRC5,22533364
1529,American (Caucasian),significant,rs1974676,2p25.1,HPCAL1,22533364
1530,American (Caucasian),significant,rs3800358,6p21,BTBD9,22533364
1531,American (Caucasian),significant,rs13008689,,,22533364
1532,American (Caucasian),significant,rs13053175,22q13.1,RAC2,22533364
1533,American (Caucasian),significant,rs16975963,19q13.13,LOC100631378,22533364
1534,American (Caucasian),significant,rs10819510,,,22533364
1535,American (Caucasian),significant,rs432203,2p13,TGFA,22533364
1536,American (Caucasian),significant,rs3120819,,,22533364
1537,American (Caucasian),significant,rs2590504,,PPP1R26-AS1,22533364
1538,American (Caucasian),significant,rs4148544,13q32,ABCC4,22533364
1539,American (Caucasian),significant,rs1834497,3q23,CLSTN2,22533364
1540,American (Caucasian),significant,rs1205035,,,22533364
1541,American (Caucasian),significant,rs5771675,22q13.32,FAM19A5,22533364
1542,American (Caucasian),significant,rs4648884,1p36,RUNX3,22533364
1543,American (Caucasian),significant,rs1042714,5q31-q32,ADRB2,20399803
1544,American (Caucasian),nonsignificant,rs1042713,5q31-q32,ADRB2,20399803
1689,Chinese (Guangxi Bama),nonsignificant,mt146A,MT,,22729909
1690,Chinese (Han),significant,rs189037,11q22-q23,NPAT,20816691
1700,Italian,significant,rs3851179,11q14,PICALM,21297266
1711,Italian,significant,rs2229765,15q26.3,IGF1R,22115178
1712,Italian,nonsignificant,rs1800795,7p21,IL6,22115178
1713,Italian,significant,rs10491334,5q21.3,CAMK4,21612516
1714,Italian,significant,rs429358,19q13.2,APOE,21612516
1810,English (Newcastle),nonsignificant,,MT,,23639206
1821,Polish,nonsignificant,,20p13,PRNP,23406923
1822,Polish,significant,rs10524523,19q13,TOMM40,22008263
1825,Italian (Southern),significant,rs660339,11q13,UCP2,22216339
1828,Italian (Southern),significant,rs9472817,6p12.3,SLC25A27,22216339
1829,Italian (Southern),nonsignificant,rs2235800,Xq24,SLC25A14,22216339
1830,Italian (Southern),significant,Asn680Ser,2p21-p16,FSHR,22985084
1831,Italian (Southern),significant,Pro12Ala,3p25,PPARG,22985084
1832,Italian (Southern),significant,rs978739,7q31.1-q31.3,TAS2R16,23133589
1871,Italian (Southern),significant,rs1879417,12q24.2-q24.31,NOS1,23572278
1879,Spanish,nonsignificant,rs333,3p21.31,CCR5,22265023
1880,Spanish,nonsignificant,rs1815739,11q13.1,ACTN3,21407828
1881,Spanish and Italian,significant,rs1805086,2q32.2,MSTN,23354683
1882,American (Utah),nonsignificant,D3S3547,3p24.1,,22506048
1883,American (Utah),nonsignificant,,18q23-24,,22506048
1884,American (Utah),nonsignificant,,8q23,,22506048
1885,American (Utah),nonsignificant,,17q21,,22506048
1886,Chinese (Zhuang),significant,haplogroup F,MT,ND5,21945877
1887,Japanese,significant,Mt5178A/C,MT,ND2,9449878
1888,Japanese,significant,Mt8414C/T,MT,ATP8,9449878
1889,Japanese,significant,Mt3010G/A,MT,RNR2,9449878
1890,Turkish,significant,rs1800795,7p21,IL6,21277639
1891,Turkish,significant,rs28366003,16q13,MT2A,21277639
1892,Italian (Central),significant,,16q22.2,HP,21147083
1902,Spanish,nonsignificant,rs1937,10q21,TFAM,23186209
1903,"Danish, American",significant,rs2075650,19q13,TOMM40,23040522
1904,Italian,significant,rs189037,11q22-q23,NPAT,22960875
1905,American (Amish) ,significant,rs205990,6q25-q27,,22773346
1929,Italian (Southern),significant,rs282070,6q15,MAP3K7,22576335
1930,Italian (Southern),significant,rs2111699,14q24,POMT2,22576335
2255,"American, English, Irish",significant,rs2075650,19q13,TOMM40,22445811
2306,Chinese (Han),nonsignificant,MtC150T,MT,,21262335
2323,Russian,significant,rs507879,11q22.2-q22.3,CASP5,20434535
2324,Jordanian,nonsignificant,-9T/C,6q25.3,SOD2,20003469
2325,Jordanian,nonsignificant,677C/T,1p36.3,MTHFR,20003469
2326,Danish,significant,rs4880,6q25.3,SOD2,19428448
2327,Danish,significant,rs1050450,3p21.3,GPX1,19428448
2337,Japanese,significant,14979C,MT,,18545700
2340,Italian (Northern),significant,,6p12,VEGFA,17574707
2352,"Ashkenazi Jewish, Czechs (Bohemian)",significant,KL-VS,13q12,KL,15677572
2353,Ashkenazi Jewish ,significant,,16q21,CETP,15621216
2360,Finnish,significant,,MT,,12483296
2361,Italian (Sicily),significant,C282Y,6p21.3,HFE,11857056
2364,Italian,significant,874T/A,12q14,IFNG,11772518
2365,Irish (Belfast),significant,E2/E3/E4,19q13.2,APOE,11470126
2366,Italian,significant,,MT,,10463944
2367,Chinese (Han),significant,E2/E3/E4,19q13.2,APOE,9792194
G1,Japanese (Okinawa),significant,"DQA10101=0104,DQA105",6p21.3,HLA-DQA1,9389323
G10,Italian (Sardinia),nonsignificant,"C282Y,H63D,S65C",6p22.2,HFE,12714263
G100,Korean,significant,"rs3811952,rs155979,rs3762985",5q15-q21,PCSK1,19641380
G101,Korean,significant,"rs2072454,rs2293347,rs3807362,rs884225",7p12,EGFR,19641380
G102,Korean,significant,"rs327519,rs712700,rs327517",7q32,PAX4,19641380
G103,Korean,significant,"rs1450740,rs1450741,rs1562818,rs1980042,rs1027989,rs1546518,rs3968371,rs1979128",8q13,LYN,19641380
G104,Italian (Northern) and Japanese,significant,"rs422858,rs275653",3q24,AGTR1,22569962
G105,Italian (Northern) and Japanese,nonsignificant,"rs2307085,rs2272656,rs5182,rs12721225,rs5183,rs5186,rs5189,rs380400","3q24,Xp11.23","AGTR1,WDR13",22569962
G106,Italian (Southern),significant,"A-3826G,C-3740A",4q28-q31,UCP1,21827845
G107,Italian (Southern),significant,"rs1800849,rs15763",11q13.4,UCP3,22216339
G108,Italian (Southern),nonsignificant,"rs41467,rs2234233,rs1357949,rs6466849,rs860170,rs11763979,rs2233998,rs2234001,rs2227264,rs10246939,rs1726866,rs713598,rs4726600,rs10260248,rs534126,rs4595035,rs1404635,rs10278721,rs2588350,rs619381,rs3741845,rs11610105,rs3741843,rs3916060,rs10772397,rs1376251,rs6488334,rs7135018,rs7301234,rs10772408,rs10772420,rs10845293,rs12370363,rs10845296,rs2708381,rs2708380,rs2599404,rs5020531","5p15,7q31.1-q31.3,7q31.3-q32,7q34,12p13.2,7q35,12p13,12p","TAS2R1,TAS2R16,TAS2R3,TAS2R4,TAS2R5,TAS2R38,TAS2R39,TAS2R40,TAS2R20,TAS2R60,EPHA1-AS1,TAS2R30,TAS2R7,TAS2R9,PRH1-PRR4,TAS2R14,TAS2R42",23133589
G109,Italian (Southern),nonsignificant,"rs2682826,rs10459953,rs2297518,rs10277237,rs1799983","12q24.2-q24.31,17q11.2-q12,7q36","NOS1,NOS2,NOS3",23572278
G11,Italian,significant,"G/A,codon 1013",15q26.3,IGF1R,12843179
G110,Spanish,significant,"rs2107538,rs2280789",17q12,CCL5,22265023
G111,"American (Caucasian), Ashkenazi Jewish",nonsignificant,"rs1043618,rs6457452",6p21.3,"HSPA1A,HSPA1B",17027907
G112,Italian (Sicily),nonsignificant,"rs28940577,rs28940578,rs28940479",16p13.3,MEFV,16387839
G113,Spanish,nonsignificant,"rs2267668,rs8192678,rs6949152,rs12594956","6p21.2,4p15.1,7q32,15q21.2","PPARD,PPARGC1A,NRF1,GABPB1",23186209
G114,American (Amish) ,nonsignificant,"rs11585386,rs294588,rs12518984,rs1572438,rs6942089,rs9359390,rs2038292,rs2092745,rs6925255,rs932492,rs9443716,rs1247322,rs1247320,rs1247319,rs1247318,rs1247317,rs1247316,rs1247363,rs16892673,rs16892698,rs16892700,rs9918668,rs643473",6q25-q27,PARK2,22773346
G115,Italian (Southern),nonsignificant,"rs1058808,rs3212986,rs3212955,rs11615,rs13181,rs3916874,rs238415,rs50872,rs50871,rs1799793,rs238406,,rs2296147,rs1998876,rs4771436,rs1047768,rs17655,rs873601,rs532446,rs12680687,rs709816,rs1805794,rs2072668,rs1052133,rs1625895,rs1042522,rs2054675,rs1987236,rs1042389,rs1552219,rs434606,rs769258,rs1065852,rs28371703,rs28371704,rs28371705,rs494334,rs3818234,rs523605,rs405729,rs673197,rs2274760,rs508078,rs182623,rs2270422,rs2270423,rs1017186,rs3100701,rs1020678,rs1455158,rs1057126,rs15561,rs1799929,rs2244175,rs2852432,rs1941404,rs11214938,rs2852425,rs2965757,rs10517,rs2917670,rs854544,rs854548,rs1157745,rs757158,rs3735586,rs2375005,rs2299263,rs1639,rs4149396,rs2411453,rs762634,rs1059491,rs3743963,rs1800497,rs1079597,rs1799732,rs936461,rs4987059,rs3758653,rs6306,rs6311,rs6339,rs6337,rs7566506,rs2652511,rs2070680,rs2854184,rs2727308,rs11949751,rs4292454,rs7849191,rs7037207,rs3780378,rs4780355,rs193779,rs12821878,rs7136446,rs35767,rs874305,rs2018860,rs8037002,rs2229765,rs388340,rs3752862,rs2494732,rs2498802,rs758319","17q12,19q13.32,19q13,19q13.3,7p13-p12,13q,1p31.2,8q21,3p26.2,3p25.3,,19q13.2,22q13.1,12q24,6p12.1,14q24.3,2q22.1,8p22,11q23.1,16q22.1,7q21.3,16p12.1,16p11.2,11q23.2,11q23,11p15.5,13q14-q21,1q21-q22,5p15.3,17q24.2,5p13-p12,9p24,16p13.13,12q23.2,15q26.3,5q13.3,14q32.32,16p13.3,5q13.1,11q13.1,6q21,13q14.1,Xq13.1,1p36.2,17q25.3,4p15.1,22q13.31,7q31.3,2p23.3,1p31,4q13-q21,5p12,2q14,11q13,15q22.1-q22.33,21q22.1,17q21,3q26.3,11q13.2,4q25,11p15,12q14.3-q15,4q26-q27,19p13.3-p13.2,18q21,2q36,1q31-q32,6q15,17p13,1q21,11p13,17q24-q25,2p21,5q31.1,3p25,7p21,11q22-q23,6q25.3,6p21.3,5q31.1-q33.1,12q14,21q22.11,4p15.2,17q22-q23.2,19p13.3,4q12,2q37.3,1p36.23,19q13.1,14q11.2,3q23,19q13.3-q13.4,12p13.1-p12,9p21.3,9p21","ERBB2,ERCC1,KLC3,ERCC2,IGFBP3,BIVM-ERCC5,GADD45A,NBN,OGG1,CAMK1,CYP2B6,CYP2A7P1,CYP2D6,PTPN11,GSTA3,GSTA4,GSTZ1,HNMT,NAT1,NAT2,NNMT,NFAT5,NQO1,PPP1R9A,PON1,PON2,SULT1A1,CCDC101,SULT1A2,ANKK1,DRD2,DRD4,HTR2A,NTRK1,SLC6A3,CSHL1,GH1,GHR,JAK2,SOCS1,IGF1,IGF1R,RASA1,AKT1,PDPK1,PIK3R1,BAD,FOXO3,FOXO1,FOXO4,MTOR,RPTOR,LOC100128105,PPARGC1A,PPARA,LEP,POMC,LEPR,IL8,PRKAA1,IL1A,CCND1,MAP2K1,SCAF4,ACACA,PIK3CA,PRKCB,CPT1A,EGF,ARNTL,INS-IGF2,MDM2,TH,INS,IL2,INSR,MBD2,IRS1,IL10,MAP3K7,SLC2A4,TAB1,SHC1,CAT,GRB2,SOS1,CD14,HRAS,LRRC56,LOC101059906,MKRN2,RAF1,PER1,IL1B,MAPK3,IL6,GDPD3,ATM,MIR483,SOD2,IGF2,IGFBP1,TNF,IL12B,IGFALS,IFNG,SOD1,SOD3,PRKCA,ANKRD24,CLOCK,PER2,PER3,MBD1,TGFB1,APEX1,ATR,BAX,CDKN1B,C9orf53,CDKN2A",22576335
G116,Ashkenazi Jewish ,significant,"rs2866164,rs5882,rs2542052,rs56354395","4q24,16q21,11q23.3,","MTTP,CETP,APOC3,ADIPOQ-AS1",22496539
G117,"American, English, Irish",nonsignificant,"rs11136000,rs3851179,rs3818361,rs744373,rs3764650,rs610932,rs3865444,rs1485780,rs11767557","8p21-p12,11q14,1q32,2q14,19p13.3,11q12.1,19q13.3,6p12,7q35","CLU,PICALM,CR1,BIN1,ABCA7,MS4A6A,CD33,CD2AP,EPHA1-AS1",22445811
G118,"American, English, Irish",nonsignificant,"rs6491207,rs7952321,rs987839,rs17205854,rs17811551,rs1857821,rs7525717,rs4673651,rs17049647,rs10518142,rs2444861,rs1418425,rs2271528,rs1555453,rs13111494,rs12740413,rs3210458,rs4859571,rs7803143,rs7622678,rs4720752,rs6962026,rs10901296,rs680109,rs1537438,rs11206814,rs12562047,rs2710548,rs6454676,rs17047650,rs10433502,rs10485170,rs12257410,rs3125524,rs4280854,rs1037381,rs6532496,rs17618813,rs7103504,rs10085518,rs4686837","12p,11q12.1,5q12,4q21.1,2q33.3-q34,8q22.2,1p36.13,9p21.2,3q29,3q23,7p22.1,11q22,7p21.3,3p14.1,10p13,4q22,1q23,4q28.1,6q14-q15,4q25-q27,11q22.1,3q27-q28","SLCO1B1,OR5F2P,ADAMTS6,NAAA,SDAD1,ERBB4,C8orf47,ARHGEF19,MOB3B,ART3,BDH1,ACPL2,CYTH3,GRIA4,LOC729852,FAM19A1,FRMD4A,PDLIM5,UCK2,FAT4,CNR1,ANK2,CNTN5,ST6GAL1",22445811
G119,Danish,significant,"rs13217795,rs2764264,rs479744,rs9400239,rs12206094,rs13220810,rs7762395,rs9486902",6q21,FOXO3,20849522
G12,Bulgarian,nonsignificant,"DQB105,DQB103",6p21.3,HLA-DQB1,15050300
G120,Danish,nonsignificant,"rs2802292,rs12207868,rs12212067,rs9398172,rs3800231,rs3800232",6q21,FOXO3,20849522
G121,Chinese (Han),significant,"rs3758391,rs4746720",10q21.3,SIRT1,20633545
G122,"American (Caucasian and African–American), Ashkenazi Jewish",nonsignificant,"rs1805415,rs1136410",1q41-q42,PARP1,19249341
G123,"American (Caucasian and African–American), Ashkenazi Jewish",nonsignificant,"rs4537545,rs4553185,rs4072391,rs8192284,rs7518199,rs4845618,rs2229238",1q21,IL6R,19249341
G124,Italian,significant,"-308G/A,rs1800629",6p21.3,TNF,18511747
G125,English (Oxford),nonsignificant,"rs2866164,rs3811800,rs6532821,rs2306986,rs3816873,rs37926683,rs2306985,rs1800804,rs1800591,rs2255119,rs881980",4q24,MTTP,17339647
G126,"American (Caucasian), French",nonsignificant,"rs1553432,rs752766,rs951085,rs750032,rs2866164,rs1800591",4q24,"MTTP,PPP3CA",14615589
G127,Italian (Sicily),nonsignificant,"H63D,S65C",6p21.3,HFE,11857056
G13,Bulgarian,nonsignificant,"DRB111,DRB113",6p21.3,HLA-DRB1,15050300
G14,Bulgarian,nonsignificant,"-1082G/A,-819C/T,-592C/A",1q32.2,IL10,15050300
G15,German ,nonsignificant,"T461N,3801T/ C",15q24.1,CYP1A1,15177664
G16,Italian (Northern),significant,,"17p13.1,22q11.23","TP53,GSTT1",15195682
G17,Italian,significant,"-800G/A,-509C/T,869T/C,915G/C",19q13.2,TGFB1,15569360
G18,German ,nonsignificant,"rs1800591,rs2866164,Q/H 95",4q23,MTTP,15911777
G19,Danish,nonsignificant,"rs2866164,Q95H",4q23,MTTP,16015282
G2,Japanese (Okinawa),significant,"DQB105,DQB103",6p21.3,HLA-DQB1,9389323
G20,Dutch,nonsignificant,"i1-C/T,L1074F,C1367R",8p12,WRN,16405962
G21,Korean,significant,"C670,A676,T1172",3p22.3,MLH1,16474933
G22,English,nonsignificant,"R194W,R399Q",19q13.31,XRCC1,16518718
G23,Dutch,nonsignificant,"-493G/T,Q95H",4q23,MTTP,16611701
G24,Dutch,nonsignificant,"ER22/23EK,N363S,BclI",5q31.3,NR3C1,16676134
G25,Ashkenazi Jewish ,nonsignificant,"rs6457452,rs1043618",6p21.3,"HSPA1B,HSPA1A",17027907
G26,Ashkenazi Jewish ,significant,"1545G>A,4103C>T",15q26.3,IGF1R,18316725
G27,Ashkenazi Jewish ,nonsignificant,"rs17300539,APM1+2019,APM+2019",3q27,"ADIPOQ,BTRC",18511746
G28,Chinese (Han),nonsignificant,"rs2288377,rs5742612,rs35767",12q23.2,IGF1,18761080
G29,German ,significant,"rs2274776,rs1571631,rs6911407,rs768023,rs2802288,rs2883881,rs12200646,rs2802290,rs13220810,rs7762395,rs9400239,rs3800231,rs1268170,rs473268,rs479744,rs519007",6q21,"LACE1,FOXO3",19196970
G3,Japanese (Okinawa),significant,"DRB1*1401,DRB1*0101,DRB1*1201",6p21.3,HLA-DRB1,9389323
G30,Italian (Southern),significant,"rs2802292,rs2764264,rs2802288,rs13217795",6q21,FOXO3,19415983
G31,German ,significant,"rs1776180,rs735943,rs4149965",1q42-q43,EXO1,19698732
G32,Chinese (Han),significant,"rs2755209,rs2755213",13q14.11,FOXO1,19793722
G33,Chinese (Han),significant,"rs2253310,rs2802292,rs4946936",6q21,FOXO3,19793722
G34,Ashkenazi Jewish ,significant,"rs12050077,rs10149689",14q31,TSHR,19837933
G35,Chinese (Uighur in Xinjiang),significant,"A1267G,G190C,T2437C",6p21.3,"HSPA1B,HSPA1A,HSPA1L",19840767
G36,"Italian, Ashkenazi Jewish and Japanese",significant,"rs3788157,rs414743,rs2838809,rs2838810,rs2838816",21q22.3,ADARB1,20011587
G37,"Italian, Ashkenazi Jewish and Japanese",significant,"rs10903420,rs1007147,rs2805562,rs884949,rs2805533,rs2387653,rs2805535,rs2805543,rs3898610,rs1533484,rs2676192,rs2387952,rs17294019",10p15.3,ADARB2,20011587
G38,Italian,significant,"rs1801270,rs1059234",6p21.2,CDKN1A,20126416
G39,Caucasians,nonsignificant,"rs2495702,rs3124736,rs17606668,rs2583125,rs2583124,rs12364051,rs11607834,rs11607852,rs3923972,rs17603387,rs11601692,rs11605737,rs17531898,rs11601402,rs17610557,rs17532157,rs17532254,rs11602504,rs17532375,rs17610915,rs17532479,rs11600717,rs11602934,rs11601890,rs11607594,rs11607622,rs11607747,rs11602134,rs11606746,rs1355202,rs11605078,rs11605096,rs11600908,rs11606211,rs11606336,rs11607704,rs17611093,rs17611127,rs11604194,rs17532884,rs11607690,rs11600570,rs11601425,rs10502177,rs17612378,rs11607718,rs11604887,rs17541000,rs17541153,rs11611975,rs10843049,rs11049255,rs11049256,rs42294,rs33083,rs886347,rs1333420,rs7324138,rs12854616,rs12875277,rs17073844,rs7321904,rs1333416,rs17073955,rs12891954,rs7155742,rs1543505,rs4982702,rs4982703,rs8012963,rs4982705,rs11625406,rs11157721,rs9323180,rs1950705,rs941604,rs210332,rs234577,rs7170328,rs16957640,rs7177629,rs6495056,rs7163504,rs2587748,rs2587736,rs12914235,rs1023782,rs7180354,rs1000290,rs7164184,rs1393943,rs2654602,rs2587803,rs1988459,rs8028050,rs8029244,rs8028803,rs1291","1p36.13,11q23,11q,11q23.2,14q11.2,14q21.3,15q22.3-q23,15q26.3,16q22.2,16q22,16q23,1p35,1p34,1p34.2,1q23.1,17q12,1p32.3,18q22.1,1p13.2,2q21-q23,2q31.1,3p26.1,1q41-q42,3q26.1,20p12.1,,1q44,4p13,22q12.1,4q21,2p21,4q32-q34,4q34.3,2q24,6q16.3,6q27,7q21.11,7q36,8q13.3,8q13,8q21.11,8q21.2,8q22.2,8q24.22,9p21.2,9q22,9q21,9q22.2,9q31.1,9q31.3,8p22,10p15,10q24,10q25,12p12.1-p11.2,13q21.1,13q31.1,14q22-q23,14q32.31,16q22.3,18q12.3,20p11.23,3q29,4p16.1,4p15.1,5p15.31,5q35.1,7p12.1","OTUD3,DRD2,TMPRSS5,ZW10,REM2,RPS15AP2,NEO1,CERS3,CALB2,ZNF19,CHST4,CLEC3A,MATN1,LAPTM5,PABPC4,OR6Y1,ASIC2,SSBP3,LOC643542,CHIAP2,SCN7A,HOXD8,EDEM1,PARP1,SPTSSB,MACROD2,LOC100506929,OR2W3,LOC100506014,ATP8A1,MYO18B,HNRNPD,MTA3,MSMO1,VEGFC,SCN9A,GRIK2,RPS6KA2,SEMA3D,PTPRN2,EYA1,TRPA1,CRISPLD1,RALYL,ANKRD46,ZFAT,TUSC1,RORB,GNA14,DIRAS2,CYLC2,KIAA0368,KIAA1967,KLF6,PAX2,CASP7,LPAR1,PTHLH,PCDH8,SPRY2,RBM23,BMP4,PAPOLA,PSMD7,PIK3C3,DSEL,SCP2D1,XXYLT1,MAN2B2,PPARGC1A,FASTKD3,SH3PXD2B,FLJ45974,LOC100132891",20304771
G4,French,nonsignificant,"A2637,G1934A",22q13.1,CYP2D6,9654200
G40,Danish,significant,"-110A>C,1267A>G,2437T>C",6p21.3,"HSPA1A,HSPA1B,HSPA1L",20388090
G41,Spanish,nonsignificant,"rs11568820,rs4516035,rs10735810,rs1544410,rs17878969",12q12-q14,VDR,20407924
G42,American (Georgia and Louisiana populations from African and European origin),significant,,"19q13.2,11p15.5,19p12","APOE,HRAS,CERS1",20569235
G43,American (Georgia and Louisiana populations from African and European origin),nonsignificant,,"19p12,11p15.5","CERS1,HRAS",20569235
G45,"American (Caucasians), Italian (Southern), French, Ashkenazi Jewish ",significant,"rs915179,rs2485662,rs4641,rs1468772",1q22,"LMNA,SEMA4A",22340368
G46,"American (Caucasians), Italian (Southern), French, Ashkenazi Jewish ",nonsignificant,"rs2275075,rs3814314,rs11578696,rs4661146,rs10737170,rs547915,rs582690,rs6686943,rs508641,rs12117552,rs12063072,rs6669212",1q22,"RAB25,MEX3A,LMNA",22340368
G47,American of Japanese origin,significant,"rs2764264,rs13217795,rs2802292",6q21,FOXO3,18765803
G48,American of Japanese origin,nonsignificant,"rs1063539,rs182052,rs266729,rs2755209,rs2721069,rs2755213,rs7069102,rs10823112,rs1885472,rs8051232,rs11074359,rs7192898",",3q27,13q14.1,10q21.3,16p12.3","ADIPOQ-AS1,ADIPOQ,FOXO1,SIRT1,COQ7",18765803
G49,American of Japanese origin,nonsignificant,"rs1048310,rs6519194,rs738288,rs6589722,rs12786104,rs11217184,rs2249466,rs7914,rs2511837,rs10811661,rs1776180,rs2999131,rs1815274,rs17356414,rs1853432","22q13,9p21,11q23.3,1q42-q43,1p32.1","SMCR7L,CDKN2B,CBL,MCAM,EXO1,LOC100131060",23770741
G5,French,nonsignificant,"C481T,G590A,G857A,G191A",8p22,NAT2,9654200
G50,American of Japanese origin,nonsignificant,"rs111556510,rs112124249,rs11551770,rs11757217,rs13204476,rs138174682,rs138297794,rs138742093,rs139172563,rs140968061,rs141876866,rs141893794,rs142429317,rs142533192,rs145259784,rs145756480,rs146009555,rs146169955,rs146186567,rs147010831,rs147028825,rs148296241,rs148405845,rs149158541,rs149189425,rs149503832,rs149906214,rs150216371,rs150320900,rs150535671,rs34079373,rs34133353,rs34223850,rs34488332,rs34600091,rs34754045,rs61756661,rs61758963,rs79884776",6q21,FOXO3,22459618
G51,Ashkenazi Jewish ,nonsignificant,"p.Y318C,p.V465A","7p22.2,3q11.2","PMS2,GABRR3",23376243
G52,Greek,nonsignificant,"rs28362491,rs708272,rs5882","4q24,16q21","NFKB1,CETP",23389097
G53,American (Caucasian),significant,"rs1935949,rs4946935",6q21,FOXO3,19489743
G54,American (Caucasian),nonsignificant,"rs12153009,rs2940923,rs2940935,rs3764451,rs4292454,rs4866941,rs6883523,rs6887528,rs2228078,rs2272037,rs6670,rs1009728,rs7214466,rs11575134,rs3770472,rs1022427","5p13-p12,15q26.3,7p14,7p13-p12,17q12-q21.1,13q14.1","GHR,IGF1R,GHRHR,IGFBP3,IGFBP4,FOXO1",19489743
G55,German ,significant,"rs4420638,rs2075650","19q13.2,19q13","APOC1,TOMM40",21740922
G56,German ,nonsignificant,"rs12741354,rs2338013,rs350450,rs29228,rs3129063,rs3129046,rs1610742,rs1610601,rs1633063,rs11790055,rs10959258,rs9595687,rs1575892,rs16947526,rs158869,","1q25.2,6p22.1,18q21","ASTN1,MOG,ZFP57,HLA-F-AS1,NEDD4L",21740922
G57,German ,nonsignificant,,"6q21,1q42-q43","FOXO3,EXO1",21740922
G58,German ,nonsignificant,"rs10924270,rs4916176,rs1377638,rs4668356,rs6433379,rs579327,rs2042831,rs294636,rs4393926,rs1455311,rs415407,rs10069397,rs7717527,rs2073724,rs4713607,rs954295,rs1436013,rs2717536,rs3133926,rs1036819,rs16922827,rs508001,rs7930940,rs2244621,rs522486,rs11073328,rs10521157,rs1390154,rs792376,rs1810636,rs4815617,rs9615362","1q44,,2q31.1,2q31-q32,3p25.1,5q11.2,6p21.3,8q12-q13,8q23.2,8q24.22,10q22.2,10q22,11q12.2,11q13,15q14,17p12,17q21.32,17q22,20p13,22q13.3","KIF26B,GORASP2,RAPGEF4,FGD5,LOC100505875,ANKRD55,TCF19,IL7,SYBU,ZFAT,CTNNA3,CRTAC1,MS4A15,PLCB3,FAM98B,STX8,IGF2BP1,MSI2,MAVS,CELSR1",21740922
G59,Danish,significant,"rs429358,rs7412",19q13.2,APOE,23051975
G6,French,nonsignificant,"C402T,T1011C,G1215A,T2444C",1q42.12,PARP1,11097112
G60,Danish,nonsignificant,"rs3772190,rs12696304,rs2853691,rs33954691,rs2736098,rs2853669","3q26.2,3q26,5p15.33","MYNN,TERC,TERT",22136229
G61,Dutch,nonsignificant,"rs646776,rs10497721,rs1801282,rs4402960,rs10010131,rs10515869,rs6556756,rs7754840,rs6922269,rs13266634,rs6983267,rs7014346,rs1447295,rs564398,rs10757278,rs1333049,rs10811661,rs1111875,rs7903146,rs2420946,rs5219,rs1495377,rs8034191,rs8051542,rs12443621,rs8050136,rs757210,rs4430796,rs4939827,rs5945572","1p21,2q32.3,3p25,3q27.2,4p16.1,,8q24.11,6p22.3,6q25.1,8q24.21,9p21.3,1p13.3,10q26,10q25.3,11p15.1,15q25.1,16q12.1,16q12.2,17q12,18q21.1","CELSR2,TMEFF2,PPARG,IGF2BP2,WFS1,SLC30A8,CDKAL1,MTHFD1L,CASC8,CDKN2B-AS1,PSRC1,FGFR2,TCF7L2,KCNJ11,HYKK,TOX3,FTO,HNF1B,SMAD7",20921414
G62,Dutch,significant,,"14q32.32,1q44,Xq13.1,11p15.5,3q26.3,6q23,8q12,7q11.23,7q31.33","AKT1,AKT3,FOXO4,IGF2,INS,PIK3CA,SGK1,SGK3,YWHAG,POT1",22113349
G63,Dutch,significant,"rs2075650,rs429358,rs7412","19q13,19q13.2","TOMM40,APOE",21418511
G64,Dutch,nonsignificant,"rs2003499,rs4736209,rs1516507,rs4110518,rs6577989,rs7830605,rs10401068,rs1893132,rs7661225,rs886550,rs11129533,rs7005993,rs2033563,rs13248142,rs625249,rs1421746,rs660100,rs9827142,rs9868286,rs4681554,rs642990,rs12548929,rs12548622,rs6774262,rs4133282,rs2511703,rs16861446,rs970567,rs10490478,rs1859416,rs11047358,rs12101383,rs268300,rs12080088,rs2290889,rs2436932,rs12892152,rs11122430,rs11776260,rs2302951,rs9662589,rs7864625,rs3959143,rs10191593,rs11782735,rs6581191,rs6852830,rs7011660,rs10502005,rs6941242,rs857788,rs10931700,rs857785,rs12815289,rs9473350,rs10194564,rs17154903","7q22.1,9q22,10q22.3,,7p13,14q31,18q22.2,19q13.33,8p12,3q25.1,3q28,5q23.2,8q22.3,12p12.1,11q22.3,12q23.3","PTCD1,SYK,KCNMA1,HECW1,NRXN3,DOK6,GRWD1,BUD31,RBPMS,ANKUB1,CCDC50,LOC728586,LOC100288971,SOX5,MMP20,GNN",21418511
G65,Dutch,nonsignificant,"rs9486902,rs7746906,rs2802288,rs10499051,rs12206094,rs13220810,rs9480865,rs2764264,rs7341233,rs17598747,rs9285397,rs12202209,rs9480866,rs12207868,rs11153120,rs2153960,rs3800229,rs3800230,rs1935949,rs761779,rs9486916",6q21,FOXO3,21418511
G66,Dutch,significant,,"7q36,3p21.3,5p13.1,9p21,17q23.1,6q23,22q13.2,17p11.2,9q34,16p13.3,12q24.3,14q,8p12,14q32.32,12q13.13,11p11.2,8q24.12,4q21-q25,8q11,13q14.1,6q21,14q23.2,4q23,9q33.3,1p36.2,1q22,1p32,4p15.1,17q22-q23.2,3p25,19q13.33,22q13,11p13-p12,9p22.1,Xp11.21,1p34,6q15-q16,17q25.3","RHEB,RHOA,RICTOR,RPS6,RPS6KB1,SGK1,POLDIP3,SREBF1,TSC1,TSC2,ULK1,YY1,EIF4EBP1,AKT1,C12orf44,ATG13,DEPTOR,EIF4B,EIF4E,RB1CC1,FOXO1,FOXO3,HIF1A,MLST8,LAMTOR3,MAPKAP1,MTOR,LAMTOR2,CDKN2C,PPARGC1A,PRKCA,PPARG,AKT1S1,PRR5,PRR5L,RRAGA,RRAGB,RRAGC,RRAGD,RPTOR",23061800
G67,Dutch,nonsignificant,"rs2282679,rs3829251,rs2060793","4q12-q13,11q13.4,11p15.2","GC,NADSYN1,CYP2R1",23128285
G68,European,nonsignificant,"rs4936894,rs1425609,rs766903,rs12042640,rs17149227,rs3128591,rs11582903,rs4850695,rs10259086,rs2769255,rs17291546,rs12606100,rs1274214,rs10811679","11q24.1,3q26.1,12q13,1p31.3,7q11.23,9q34.2-q34.3,1p22.3,2q32.3,7q22.1,1p34,6p25.2,18q22.2,9p22.3","VWA5A,OTOL1,BIN2,ATG4C,HIP1,COL5A1,LMO4,HECW2,ORC5,KCNQ4,MYLK4,NETO1,GRAMD1B,SMARCA2",21782286
G69,European,nonsignificant,"rs10412199,rs16852912,rs8001976,rs11162963,rs4764043,rs3112530,rs10202497,rs2367725","19p13.3,3q26.2,13q12.2-q13.3,1p33-p32,12p12,5q31.1,2q37,1p34.1","ATCAY,MECOM,SUCLA2,ELTD1,GRIN2B,GRIA1,COL6A3,ST3GAL3",21782286
G7,Finnish and Mexican,nonsignificant,"L1074F,C1367R",8p12,WRN,11186893
G70,European,nonsignificant,,11p15.5,"TH,IGF2,INS,HRAS",19367319
G71,European,nonsignificant,"rs4073591,rs4073590,rs11040489,rs4930001,rs800140,rs16928120",11p15.5,"DEAF1,TSPAN32",19367319
G72,European,nonsignificant,"rs2293168,rs511744,rs3782115,rs7934919,rs1045288,rs939915,rs559422,rs3817630,rs11246020,rs11555236",11p15.5,"RIC8A,SIRT3,PSMD13",19367319
G73,German ,nonsignificant,"rs770087,rs2301582,rs648802","12q22-q23,17p13.2,6q24","DUSP6,NLRP1,PERP",20800603
G74,American (Caucasian),significant,"rs6104550,rs1189843,rs1796412,rs2277509,rs2304965,rs12353067,rs1922263,rs12621193,rs2722222,rs4497194,rs10512392,rs12341685,rs1377843,rs4952085,rs9378384,rs2660342,rs4240673,rs4237774,rs8073559,rs1550765,rs2331101,rs1395451,rs346119,rs2269475,rs6946852,rs2543356,rs2596230,rs1581035,rs4729049,rs3769583,rs12043001,rs11943045,rs894558,rs2075773,rs13125710,rs2158860,rs1490813,rs922943,rs249904,rs8003056,rs2032563,rs9304496,rs7677714,rs723525,rs2201186,rs2553377,rs1076584,rs2232548,rs3816754,rs9324976,rs10229977,rs6991271,rs2738679,rs1812736,rs15606,rs7505612,rs1517598,rs524533,rs2660885,rs7319813,rs4541274,rs1033686,rs205499,rs3780223,rs9894254,rs7149754,rs2075650,rs1868778,rs1322048,rs4755936,rs12629971,rs8069437,rs1456669,rs1674159,rs6801173,rs11601702,rs337656,rs2116538,rs997675,rs9554632,rs2247549,rs975072,rs9899404,rs10210870,rs1340573,rs7013313,rs4977756,rs3817530,rs4073968,rs7318601,rs147295,rs11218921,rs4802234,rs12737127,rs8083511,rs6580511,rs4871976,rs1411552,rs651922,rs10489436,rs4722094,rs12960908,rs4","20p12.2,19q13,14q32.11,12q,9q31-q32,9q21.13,3q13.13,2p23.1,8p23.1,6p21.3,15q14-q15,7q21-q22,11p15.1,14q24.3,5q32,1p36.31-p36.23,18q11.2,2p12-p11.1,12p13.31,17q11,8p12,16q23.3-q24.1,,4p15.32,6p21.1,13q14.11,14q23-q24.2,17q23.2,9p21.3,17q25.3,7q32.3,19q13.2,11p12-p11,3p14,5q15,2q22.1,9p21,13q31.2,18q22.1,8p21.3,11q24.2,8q23.3,7q32,11q24.1,1q42.2,18q22.3,19p13.1,2p23.2,6q25.2-q27,14q21.1,8p21.2,10q22.2,5q35.1,1q22,12p11.2,3q26.32,13q32,6q25.3,6q25,21q21.1,4p16.1,10q24.1,5q31.3,15q26.2,9p21.2,22q13,13q13,1q41,12p12.1,4p13,2p16.1,14q11.2,16q12.1,1p36.22,15q21.3,22q12.3,7p14-p13,8q12.1,10q21-q22,9p24.3,4p15.2,9q33,3p14.2,17q12,20p11.23,11q14.1,1q42.1-q42.2,8p23.1-p22,5q11.2,14q22.3,17p13,3q13.2,20p13,2q21.2,19p13.11,10q23-q25,11q23.2,8p22,2p25.3,11p15.4,1p34.1,7p22.1-p21.3,3q25.33,5p15.2,3p26.1,7q34-q35,12q21,6p25.1,17q25,19p13.3,9q21.12,1p36,20q13.13,9q33.3,10q26.3,11p11.12,6p21,9q22.32,5q33.3,4q21,4q24,16p12.1,6q22.1,6p21.32,5q23.1","SNAP25-AS1,TOMM40,CCDC88C,CHST11,EPB41L4B,TMEM2,DZIP3,XDH,XKR6,AIF1,RYR3,CDK6,NAV2,ANGEL1,PPP2R2B,CAMTA1,KCTD1,CTNNA2,KLRF1,RAD51D,KIF13B,WWOX,LOC100507461,PROM1,TMEM151B,ENOX1,RAD51B,TRIM25,ADAMTSL1,SGSH,PLXNA4,APOE,SYT13,EIF4E3,ELL2,THSD7B,LINC00032,MIR4500HG,TNFRSF11A,PHYHIP,DCPS,CSMD3,CDKN2B-AS1,UBE2H,CDKN2A,DEFB1,LOC341056,FGFR1,PCNXL2,LOC400655,MYO9B,BTNL2,BRE,PARK2,TTC6,SH2D4A,CTNNA3,ERGIC1,LMNA,SSPN,CDK14,RNF219-AS1,TBL1XR1,GPC6,SOD2,SYNE1,BTG3,CLYBL,SORCS2,EQTN,FAS,NR3C1,LOC101059957,NR2F2-AS1,LINGO2,MKL1,NBEA,ESRRG,BHLHE41,APBB2,CCDC85A,SLC25A21,PAPD5,VPS13D,WDR72,LARGE,OGDH,CSF1R,TOX,ZWINT,DOCK8,GBA3,TNFSF8,FHIT,ASIC2,C2,C20orf78,TENM4,LYST,PKNOX2,GATA4,ITGA1,DLGAP5,WRN,PITPNM3,ZBTB20,C20orf194,LRP1B,PGPEP1,SORCS1,CADM1,TUSC3,LOC100506465,MYT1L,OR56A1,BTBD19,MEOX2,IL12A,CTNND2,SUMF1,VASH1,TBXAS1,ATXN7L3B,LY86,CARD14,NDUFA11,PTAR1,H6PD,PREX1,LMX1B,EBF3,CGNL1,LOC387770,LY6G6F,C9orf3,RNF145,PLEKHA7,SLC4A4,SLC6A7,NFKB1,GSG1L,NT5DC1,CMAHP,SEMA6A,SOCS2,DOCK2",22279548
G75,American (Caucasian),nonsignificant,"rs10014396,rs3775439,rs1372519,rs2583959,rs2737012,rs1372520,rs2619363,rs2619361,rs2583988,rs2737033,rs2619362,rs2736990,rs2572324,rs356218,rs3756063,rs3796661,rs17180453,rs2301135,rs3775423,rs9995651","4q21,4q22.1","SNCA,LOC644248",22912757
G76,Italian (Central),significant,"rs73598374,rs1800629,rs361525","20q13.12,6p21.3","ADA,TNF",21865054
G77,Chinese,significant,"rs1042718,rs1042719",5q31-q32,ADRB2,23020224
G78,Chinese,nonsignificant,"rs2877709,rs9861425,rs9844212,rs4677882,rs4482616,rs2291727,rs5749998,rs2266968,rs1892848,rs5999521,rs740746,rs2053044,rs1042713,rs1042714","3q21.1,12q12-q13,22q11.21,10q25.3,5q31-q32","ADCY5,ADCY6,MAPK1,ADRB1,ADRB2",23020224
G79,"Danish, German",nonsignificant,"rs2494731,rs2494732,rs2494738,rs2494748,rs1130214",14q32.32,AKT1,22929028
G8,Danish,significant,"R/Q353,FVII-323ins10",13q34,F7,11602206
G80,"Danish, German, Dutch",nonsignificant,"rs1055086,rs1800764,rs4291,rs4295,rs4309,rs4311,rs4331,rs4335,rs4343,rs4344,rs4351,rs2849174,rs5128,rs595049,rs1572982,rs1800708,rs2858993,rs707889,rs9295687,rs9379825,rs2075799,rs2075800,rs2227955,rs2227956,rs1043618,rs12083537,rs2229238,rs4075015,rs4240872,rs4601580,rs4845626,rs6684439,rs6689393,rs11121832,rs12121543,rs1476413,rs17037390,rs17421462,rs1801131,rs1801133,rs2066471,rs3737964,rs3737967,rs4846048,rs4846052,rs9651118,rs12778366,rs2236319,rs2273773,rs3758391,rs3818291,rs1023430,rs11246009,rs11246020,rs12226697,rs3782116,rs3825075,rs4758633,rs535716,rs536715,rs7104764,rs11466321,rs11466338,rs11466359,rs1800469,rs4803455,rs8105161,rs8110090","17q23.3,11q23.3,6p21.3,1q21,1p36.3,10q21.3,11p15.5,19q13.1","ACE,APOC3,HFE,HSPA1L,HSPA1A,IL6R,MTHFR,SIRT1,SIRT3,TGFB1",22234866
G81,"Danish, German, Dutch",significant,"rs405509,rs440446,rs769449",19q13.2,APOE,22234866
G82,"Danish, German, Dutch",significant,"rs5882,rs9923854,rs1800777,rs1800774,rs4784744,rs289714,rs5883,rs9930761",16q21,CETP,22234866
G83,"Danish, German, Dutch",significant,"rs12770830,rs17268499,rs7905174,rs9787671",10p13,HSPA14,22234866
G84,Danish,significant,"rs11235972,rs3781907",11q13.4,UCP3,22743239
G85,European and American (Caucasian),significant,"rs429358,rs7412",19q13.2,APOE,21498624
G86,American (Caucasian),,"rs10493513,rs10493514,rs6689491,rs6657082,rs1405051,rs10493515,rs10493518,rs10493517",,,17903295
G87,American (Caucasian),nonsignificant,"rs1528753,rs2371208,rs10496799,rs10489006,rs3757354,rs10493515,rs10498263,rs1915501,rs6459623","14q11.2,2q22.1,6p23-p22.3","OR4Q3,OR4M1,NXPH2,MYLIP",17903295
G88,American (Caucasian),nonsignificant,"rs6682403,rs10488907,rs17190837,rs4752977,rs10506274,rs2831154,rs243725,rs9308261,rs10490518,rs2374983,rs655883,rs1368850,rs4943116,rs2254191,rs1620210,rs2823322","4q25,1p12-p11.2,11p11.2,12q21.31,7q21.3,11q22.1,13q12-q13,2p23.1","ALPK1,MAGI3,MADD,ACSS3,PON1,CNTN5,STARD13,GALNT14,PPP1R9A",17903295
G89,American (Caucasian),nonsignificant,"rs4943794,rs10493379,rs10500784,rs10507486,rs1171278,rs1343981,rs1383636,rs1475398,rs2154380,rs2374983,rs2543600,rs2725369,rs362356,rs3790426,rs4764600,rs6669117,rs683907,rs687045,rs719756,rs854523,rs911847","13q14.1,1p31,5p13-p12,15q24.2,7q21.3,8p12,14q24.3,12p13.3,13q12","FOXO1,LEPR,GHR,ADAMTS7,PPP1R9A,WRN,PSEN1,NCAPD2,KL",17903295
G9,"Czechs (Bohemian), Americans (Baltimore Caucasians and African-Americans)",significant,"F352V,C370S",13q13.1,KL,11792841
G90,German ,nonsignificant,"rs10736086,rs12249418,rs1575934,rs7896133,rs11188059,rs7914753,rs2281891,rs1042192,rs1042194,rs1326830,rs12248560,rs4986894,rs6583954,rs4388808,rs7088784,rs1322179,rs10786172,rs12253253,rs7915414,rs1555474,rs4917623,rs11592225,rs2475377,rs4918758,rs9332105,rs9332113,rs12772884,rs1799853,rs12572351,rs4918766,rs2475376,rs2153628,rs1856908,rs9332197,rs1057910,rs1934967,rs2153629,rs9332222,rs1057911,rs9332242,rs9332245,rs4918797,rs1934954,rs11572181,rs1058932,rs1934952,rs10509681,rs2275620,rs1891073,rs11572139,rs6583967,rs11572127,rs1058930,rs10882525,rs17110453,rs1557044","10q24,10q23.33","CYP2C18,CYP2C19,CYP2C8,CYP2C9",21798861
G91,"Germany, Italian, Chinese (Han)",nonsignificant,"rs2701893,rs2721047,rs17446593,rs2755209,rs1078892,rs2701859,rs12865518,rs2721069,rs2755213,rs2701880,rs2951787,rs2984121,rs2721044,rs4943794,rs1986649,rs17630266,rs12876443,rs7981045,rs9603776,rs12013673,rs5981072,rs11585393,rs7539614,rs7547654,rs11581271,rs1317558,rs1317557,rs6693260,rs4660532,rs6690527,rs4660192,rs11209971","13q14.1,Xq13.1,1p34.2","FOXO1,FOXO4,FOXO6",21388494
G92,Chinese (Guangxi Bama),significant,"mt146T,mt146C",MT,,22729909
G93,Chinese (Han),significant,"rs2755209,rs2755213",13q14.1,FOXO1,20884733
G94,Chinese (Han),significant,"rs2253310,rs2802292,rs4946936",6q21,FOXO3,20884733
G95,Italian,significant,"rs2229765,rs1805097,rs660339,rs659366","15q26.3,13q34,11q13","IGF1R,IRS2,UCP2",21340542
G98,Italian,nonsignificant,"rs2495513,rs4291539,rs10923806,rs1538287,rs6540664,rs6701445,rs12088486,rs10514626,rs7583529,rs4505466,rs964403,rs3864051,rs712773,rs1562688,rs6769400,rs513154,rs571391,rs2670104,rs10513702,rs2354314,rs795602,rs4282145,rs11738302,rs888808,rs1428689,rs697739,rs9366292,rs1563301,rs10277343,rs4727899,rs846427,rs4574762,rs7842001,rs3134204,rs1484583,rs3102484,rs10956502,rs2905476,rs7873259,rs4740391,rs12413082,rs7915479,rs1556758,rs2073586,rs11237644,rs870959,rs6592810,rs4938180,rs2111173,rs969845,rs9315385,rs2147556,rs731287,rs285097,rs1584547,rs4594173,rs2277472,rs10134056,rs4777170,rs81647,rs1582594,rs2967137,rs6504441,rs2070325,rs130329,rs135416","1p32.3,1q42.13,3p26.1,1q32.2,10q23-q25,2q37.1-q37.2,13q32.2,5q15,2q33-q34,3p26.1-p25.1,3p22.2,3q12.2-q12.3,11q23.2,4p11,8q24.21,13q13,6p23,11p15.1,,9q22.31,9q34.11,10q22.1,11q14.1,12p13.3-p13.2,14q21.3,17q22-q23.2,20q11.21","TMEM61,TAF5L,SUMF1,KCNH1,SORCS1,SH3BP4,RNF113B,RHOBTB3,CFLAR,GRM7,LMCD1-AS1,TRANK1,IMPG2,CADM1,FRYL,FAM49B,DCLK1,ATXN1,ABCC8,LOC100616530,ANKRD19P,HMCN2,CDH23,TENM4,PTPRO,FARP1,MDGA2,PRKCA,BPIFB4,KIAA1644",21612516
G99,Korean,nonsignificant,"rs671,rs326146,rs326175,rs4237973,rs1691595,rs1054016,rs2274471,rs757110,rs2075880,rs2030071,rs1800802","12q24.2,5p15.3,12p12,12q13.2,13q14,9p24,11p15.1,16q24,1p31.3-p31.2,12p12.3","ALDH2,ADCY2,PIK3C2G,PPP1R1A,TNFSF11,JAK2,ABCC8,CDK10,IL12RB2,MGP",19641380
